id,from,to,Region,Input_polyline,Tollguru_Tag_Cost,Tollguru_Cash_Cost,Tollguru_QueryTime,
4,"New Springfield, OH 44443","Middletown, PA 17057",North America,kbvxFz__kNAfDEI}SiRKRsVt\uD~Fsn@poA}@pAep@d_@oWhNgIjFi@`@yRnRaMbKqClBsA`@_NbAkQxBeCzAuDjFaAeBgB}Ck@}B?EKs@i@WMI_AeAiCmECFuEtD_AEYWW_A@gA^{@fAe@zCe@`@YJAtDc@tDAP@~Hr@rM`CxBOlCsAzAmB~@qCZsCTcJr@uD|@wBdHwLtAuBxF_KtD_JzD{M|BqLxAkMhe@s~EhAkIzAwHxCyKfFkMjz@_~AxFcMzFcOrGyUjE{Sp`@qbCbCgLbDiKbEqJrDuGhOwUxCyFtD}IzDiM`B_ItAqJfLq_ArEuc@pD_UbB{Hb}@mgD`GqXhCyQfYyeChAsGfCuIzCsGnbBkvCpDkFlD_EfIuGtDuBlEiBtEoAtU{Evc@qIzKcE|HuDfLsHlKwJfKuMfI_Oha@{{@nDgKxBsMfBu\pAuJfBsGfLkYlB_GnBiJtDgWvAsFzBgFtCiEl_@y\`CmC~BcE`BaFx@mEfD_`@dB_J`\my@vEoMxj@iuBnBcFnDuGzVw\hDcHjC_I`CsLlC}U|@qF`b@gyApCyLvb@{{Cv@aEbAyCpBuDfBsBrByAhDuA`De@pf@sCnDs@`FqBvvA}`AhCaCjCyDtAaDdAoD`Jqi@dBmHdD_KpDmIt_AymBnCqGxBsGnBwHzAkIbL_{@jCuPlD}OpEeOtHaRbHoMrJcNnVuXtCeE`CyEtDgKvi@ugBxD}JjEoIbK}Nb]sd@jN}NpOyL~iC_bBhLaG|yAsn@zEkDnBaC~AuCj_@oeAtBsHfBcK|AmQpB__@jAcPp@oEfJud@p@kFXiTRweAj@sKnAcIhCiJdE{InCyDn\{a@dBoChAkChAwDx@aF\yGIkGsF_b@OkKt@kIdAoEpQcb@jBoHj@oGDmFcBai@TkG`A{GlCsHjC{Djb@we@dE}DxGkFjLyGrF_ChIgCxGwAx\oEbD}@xD{BtBoBzCyE`BgEpNcm@v@yEVyDEoJwEqi@B}Hz@uHbB_GjQia@rScs@hDaH~c@ew@pAoCpA_E|@gF\gEAcXt@eIpCeLxH}RxC}J~BwKnBePl@aMFaMuAkp@PeFv@yGzAkGzBwF~B{DzJoMxBkDjAqCnAqEdMgp@dD}JpEyItCyDjEsE~o@un@`GiG~CcFlNuZrFgHbGmEnOcJbSwO`]oOtDuC|BoC`DaHzAcHj@uHz@a[p@_Hj@}CdSus@`DwGdDsDtDaCnFoAtWcB`OuAlo@cIzP?|DYnVsGrC}AbB{AnCeEtA}DjHs_@h@qH`@aZh@eFt@{CjAoCpBsCpK{IbDgErW{n@jBaDtC_DvEqCzD_AzVy@pBU|Cu@vFsCnOsMrEuCzx@}XtD}AdE{ChEkFpB_EnNq\dEcGpD}Cxk@eY~tAmh@bGeDr\yThFsCjGsBdGaAzh@eBhHaAfFmBph@aXfF{CjG}Fd]ug@xDmExDkCfNmG`EcCrCmCzMsOlC}Bp_@{RtE_D~B{CfBaDx_@o{@rCmL`Ei]hBiInh@yzAfBgEnBaDzBiCtZeYpHuH|m@eu@fD_DxBmAtCw@tBStCDrBXvBp@nTvLvDlAfCb@hF\dr@n@hCRbDp@rCdArBlA~^jX|E`C~R~GhEnBj^zVzD~BjFrBvFpApGj@xHAfGi@zDy@nFkBrDkBt~AajAxDsAfEc@`DDzNvAdDK|EgAdE}BhOuNbDcCxEoCfGwBxDw@|jAcQncC}I~C[lCs@tDkBtDmDxC_FxAgEvBiL~Uq{A~AyGdCcFdB_CrBiBnC_BhCy@|Ei@rYg@zBYhCu@ng@wY|GuFjF}H`DkIlBcJ~AkRf@mDxAyFtBaFdBoCtC}CtYmTdDgDvCkEhm@ufA\g@lFyF|TcPjCsC~AeClAoCzEoPdB_EbBuBvHiGrAaBhBaDlBgGv@}FPcFG_d@f@}F~@sEtZ{w@hCuInHsYhD{J`|@{qBjCgJfHe^vCsJtEaJzFwGjFuDnSsKfD}CxCwEvB}F~\mfAbByGpJge@xBsHhBgEpe@u_A|ByFfBgHvEw[fAyDvAoCzAmBpP{L`DmDxBmDv^_z@pAkErBoJdAcDrImNxBsFjAoFtEyZdA{KJcJWei@]cEyAqFeCaEqGmGeCeDmBiFwAgHuBkNu@_TVkHbByGhC}DxI}HdEeDtIiFzBiBbB{BbGgKfI}J`CsEfSsd@jLyZpBgDvA_BfEuCtE{Avc@}D|Co@tDaBjBuAxCcDlXee@`D{DxB_BjCgAnLgBdF{AdDiB`EuDzCuEnC}Gpg@a}ArA{H|C_VPuGa@_Ho@iDyAmEaIgNaDkHmCeIwAkGsMuw@_f@soC_WkaDoAcGmBkFgTgd@aBmEm@{C_@{EF_Fl@uEzRml@zCgGzCiDnCmBbKkDhDgB|CiDjByDv@wCj@uEXe^|Cua@r@gG`A{EnAiEjK_VdCuHlAoGjByRxAiInAyDzA}C`LuOlYag@xCuGdAyDl@gEVsECyEa@_GeBuHcL_[_BoFmAqIQyIVaGt@}FvTokAlB_HfCuEpDyDdDmB|EoAjCQxDH~_@`CzEQfFoAdEuBtDcDfRiXlBoEbMid@tAaEjBmD`Ts[zC_HvCiKfBqLj@eKBkI]c_@FoF|@}JvAaHvBiG~DgHnC_DjV{TpBuC|B}ErBwHrLww@dAoEjAaDdDcF~CoC|C}A~L_EpBwAbBoBrA_CbAqChCePv@eDxAsDb\mj@hEwDxd@w[lBaBxCeEpLsXrA_Fj@mEJiDu@ySZgJzA{HnAmDvAgC|k@er@jDmDhFiEfa@cXdDkClCuC~BiDpC_GvOai@zDsIfDcEhn@{l@nE}FdCmFpByHpLs|@nBkI|BiFrB}CrJyJbDmEvAoCrAuDje@ysBjBgLn@gKrFmaChFiuApA{SdYmkCzCsUbDeQbe@coBjCcN~BiP~Cq^lo@mtIjCwLfMoZbr@erBpBsGb@aCNiDKmCa@eCw@wB{BkDa_@}e@iAeCeAeEa@sEAcDRaDx@aFvAqFzAcDbQeUvVwVxCkF`BmG^iDLuDImD[mD{AoGkCeFsDsDcGqCi]cMuCuAkDeDuFqJmCqCef@iWeFsD{MeQyEgHgEyH_JoRoBcDkMsNeH_NmHgJiB{D_AkE_@uEByEh@sEt@sCho@iyAlCcIv@iEb@wEhCus@WuI_AqJyl@clFcA_HkA{EcCoGuBwDeCeD_dBsdBmGyHwHkMcG_OyDgNqCcPmAcMa@qJsDszB{@wQoBkOal@kmDu@aHKiFXgI|AkJnAyD`BkDdEsFzDuCbG_CdDe@rJ[pDw@tCiB|BqCnBaFv@sFDmEk@}FcBmF_n@erAqB{DsCgEccDogDoEgFyBmDoBcE_BsEmA}EiAoHmMazAm@eMGsINsIlDk~@I_KgAs_@C{Hx@{JnBiHvA{CnBqCvKyKjGiDhOeEbJuFhCoB|[i_@rOyNjDiErCsF`Pmf@fDoHlCwErs@caAbG}G|NuMrCsDtBuDbBeEfB{Gv@aFj@uHC}lBJwEl@sFnAeFtBwEte@ys@zBgFdBsHn@kIM_JeFmz@k@wEaAqEmCeHiB{CwBgCgFuDoNoGcCoBmCkDiC_GkAiFo@uHB}Fz@{HpGoZb@{Ex@qUj@iE|@aEzCoHv\um@bCcHfBoI`AwJxDk~@`AiInEcXv@kKAoJmCmk@L{Ip@{GnIcm@vAsEpFiK~B_HbAgGrBcSrA{GxAeErW{l@|AwFp@}GJ__@^_IxAkHvP{e@nAmF`A_JfAwa@p@aIlBiJhHcV~A{Jb@}JJmd@g@iNoAuJiPy{@_BeMAOgAaNi@eNGkN\wN|AcSrAqJ~F_[z@qMCyH]gFcAkHeB{GmD_I_FwGqh@{c@}IcJqo@c|@{J_Jya@_ZoGmH_FwImBcFmB{GiGm`@}CqLgDgI}r@syAaH{RsCsK}BuK}CsS}Eeh@eAyIiBiIoJu[y@gEc@cEQeGJmFjFcoAWuIkAmG_CwFiBeCeB}Akc@aWeIkGc]{_@mEmGwDwIaCwJsJ{v@}AgI_BoFwCkHqEqHkUsVgBeCmCcGyAcH[yDE{FT}Dr@yEf_@_pAxAgE~BgF`Uu`@dEcJ~Xsw@tBgJ~@wHT}HKwFe@aGaBeMUcINmEjDo]J}H_@uO?gHpBoTRaGWwEc@iCiFwRgA}F_@{FJ}Hr@wFtAkF|e@o|AjAyFx@aGd@iGPmGOaMiAyLaBuIkHkVoBqJ}Ji_AyAkJ}BuIwSom@sBcFwBsDcCaDsCoCoq@gi@gCcCiBkCiCqG}CoPaAqDmAuCiHqMaGuRm[il@_BaEu@yCg@uEKaDLeEx@mGhEiN|@iE\}FM{Ec@eDsAwEq^go@qCyGmAyFiPu~A]cFCoFLuDzDe]\cIO_Mo@yGoAoH_DaKgFoJeMoN}x@{{@sCqEcCuHo@_FSyD?iDZkG|[m_DEwHYeCaA}D_BmDqAeBaOcMkFaH_}C_gGgIsQqHkTmHeZ}CiRcXukBcEyPgF}MoFyJaKaOuvCegE{CuFeBwE{AkG{@uGmIw}ADeIp@kGhBeHjaBocFpAoF`@uDN}FMsEa@cEaAuEkB_F_BkCqC_D_R_PqBgC}A}CmV_x@{DiLut@e`BuCkHwByGcBcHuCuR}`Fkei@aEsc@eBcV{A_]o@s]qTo`Tq@_\y@kUuAoY}Bm]oAiPgDu\uFce@aCkP}}AysJaCoRmAgO}Aa^o@wjARo]v@uVlA}R|AmQ`DiWlKyl@ljA_iGj~AefHbBkLl@_MuBilD@wL^}QbFmkARuROuRgAoWaCeWyDqV{Myq@i@_FK{GRwGv@qGfSk}@jBuK~@cKNyFDyH[gLeAkKwAqIia@ynBsF_Suq@sxB}BaNe@wGKcGFcG\aGfBgMrAqFdOac@xBmHxAsGlR{dAnZkbAjDeNrBoKjDcX~AyWReR[mYcBcYk@{FkB{IaD}HoC_EoGsGsT_Tum@yj@mAyA_BgCsCyI_AqHo@eK?q@AaJ\eBzCaHB{Aa@{As@w@cAUwNzBaARuCz@c@Ks@U}BoCkF{@aBu@iCoD_DcGc@uA{AaGoAyIcGkdAqOsiECgLb@}KpGqk@Ru@bA{F`AkBlAaAxEeAfAkAd@sBCsGDIJq@`@q@n@[fAOrb@m@vBHlDt@`Br@dCfBrKpJlDhBtMpBb\~DzDfB`@bIl@tKvC`MkAn@,31.2,,16:02:13,
7,"Burlington, ON L7S 2J8, Canada","Brampton, ON L6Y 0L7, Canada",North America,cfmgGzrdfNkOnHF`@bExRJjCUnB_AjAkKlHcJjDaIjAsNVkCTcEpA_I~EmFzBuEt@eMt@iJJoz@hAqy@rBem@~@ypB~HyGD{O_@qIq@oHeAsRwEiOuF_JuEoJaGmMiKsImIi`CksC_UsWiQaPuMoJ_L}GwUuKcKiDeO_E}OoCgO_B{l@mEgKoA}G}AuIqCwEwBkJsF_JeHgKcLi_AuvAcGeHwGiFmE_CqCeA_EaAm]oEsGwAsE{A{GgDgJmGkJoJuxBuoCqCoCkDwB}B}@gDq@sCOkDFoDj@cCt@wFjDyDtEyAfCsIlRuUbj@cGrLcGbKyj@zz@}Wb[mI~K}GfLyNbZaFpIa}@zsAoXj^w[xi@om@d~@yF`IuC|CeErCkDtAmEx@}CJoGi@uCw@mDeBuGwFqFyH}H_N_Uie@iJ}M_NuOqI}KePsVyFuKeFgL_EuKyBuH}CsOcE__@aB}KyA{GE{@uE{SIyCb@eJUkAmAaCo@v@}HzKeQ~Zc@g@qDsD,13.19,,16:02:15,
9,"Oklahoma City, OK 73142","Joplin, MO 64804",North America,wmixEx_}rQaD?_A@aD@FqCEuDm@yZByC?oh@iBq}@KifAJqgAdAsoBf@cnEt@eObAuI~@iFbi@e_C|CqOtCwS`BuWXcW]oTy@gOgE_f@q@eN]gPy@_`GVy~@dAoIzGoT`@_DHqE?MyIkv@eBkXoF_f@{Fs]gxB_lRoyAesLaE{d@kjAmqNyDg]mCwPeKag@a_F{jUc{B_fPsuAgtLwyAwdOqBeUmgAo{NoBiUaBkMyaBonJoE{RcFkPeWat@k{D}xKsDqLuCiLsKgl@a`Ci}MgkBixJcDyN_z@}aDaFwNsEuKwEiJgFwIcLwOkMcN}HyGwl@ed@wLyLwKgNohTke\cNaTuFgKwDyImDsJoDiMkC}LeCoPq[cjC}C}Sw{@csE_I_d@cP_{@yAoGyAwEuEyJ{EsGoEiE}PeKcL_Ea[qG_FwB{CkCuNuRsCsCuFwDo[qQ__De|AcLaH_JsIyD}EsCqEyYek@eDgKkEiJmGyJaG_Hus@}n@}BsCKOwBsD{AeF{AaNSgFHeiE[kI}CoXQgIBukAr@qPHwJAefAa@}OuBi]CkwA]y]sAgk@u@mLu@aGyBkKkBoGqCgH}DaIaqKgwPsFcKoFcOqBsIoBmMq@{JWoKD_vH}AioDJeBXoJlCqVNaFa@{FqAkE{AuCuCkCqBeA_Ds@oBK{D`@gMzCeJn@mA?_bAQyEm@cCy@kCqAuD{CkLuNkjA}{AiTeZya@ai@m_Co}CgN_Qia@cc@_eI}oIeJuKoIcMsIaPwFaNqGgSqtBshGu_CadHgGgUgEkT{l@uuDqCqNmGoUoHyR}IoQcKcPgLmN}IyIksOulN_KyJyG_I_JkMwGkLc_I_vO_KmQqKqOk\ga@ynFupGmHsHiImHeJcHaIkFacHkiEePiM}KwKyKmMiM{QyFyJsHoOeF{LiFaOoFyRee@skBgKc[mLkXmJoQsTq]kUm\s|BehDgJ}P{ImT}fHqoUy}Bq_JcFcO_EmJ{HyNsHaLiL}MmMcLmNeJgOeHcnPidG{nB_v@u`B}k@ycAa^qYqKqKeFkHgE}PoMoGcGgGyGyFmHsFeIaFuIsEcJcEsJqDcKobCu}HoKq_@wEkS{SkgAsiB}tJiDcOmFqQ_EmKyEmKmF}JqGcKmiEmcGiJuLaJkKel@km@wH}I}LoQuEmIgE}IwHoSuDqMiDuNwDsUe~@iiJcCsOqDcNmCcH_EaI_FoHiEeFakA_dAyEgFsGmJc\ok@Oc@iD}G_CsH?Aw@uCcu@kAAeBb@yq@}BCq@A,10.4,12,16:02:17,
12,"Central Square, NY, United States","Ludlow, MA 01056, United States",North America,mpegGnkwoMlK}^n@_DZiDEyFw@aF{@eC}F}K}@_De@}D@_HpD}`@L?nKsApEBpB^xHpBx{@pY`EfAfDh@pH^|_AeAfI@jHf@v`@tElDLpEElEa@jzAgSzDYlH@tp@nEhHT|j@wAlJeAlGwAjaFctApHeD~KmIbCwAhFkBpDo@th@aApqA{EvEH|GnAzG`DlDtCzLtMp@jAb@lBCbAY|@y@t@_Dh@iA[cA{ASgAA_DPkEzAw^bAcPdR}kBzAoLjr@c~DnAqFlAoD|CqGlCsDxB{B~C_C`CoA|CeApCk@pDYjC?tFd@tsA`VvKbBhHr@lJd@dPDr@JxCPjA`@p@dAN~AKhA]|@k@d@q@Ns@Km@e@_@w@OmACa|@XgDhAsBxB}@nVYr@Zh@r@\tB]lCg@r@q@\cBKgAwAm@yDQsEAuDsAspAxCmvBlA{kCfCcsAzEieB`Ee{E_@kcBScK}T}|Cg@gKiBq{Db@oRlHiiAn@_Qa@yxCFoLrVqgFTmLKuMu@kNoE{f@mAmKgB}JwDkN}h@izAqC{JcCcMwBoTkRemD{N_yB_AeK}BwNwdBm~IsByMsAkP[mPNaM~KcmBXgNQuNgkAasQa@uKE_Jh@oRlAyMfe@yjDhAmJxAgQ`AuS~E{cB|Wa|Dv@cVJ}Y_@{QeA}RgSqwB{@iMq@cRSqRUo`Gm@cRiAiMqCgPcp@asCmAoKe@eML}Mp@yJlBcMfDwL~i@isAlFmPzBgJfCsNdBeObDga@vC}Qbj@etBlXiy@dCuJ`BoJdAaKjIc_BnAsPvD}YpFsXlUy|@jb@_iAtYc~@|n@slBnD}L|I_`@rGcTpIsSn|ByeFvJkSlLsSrNuSdQwShRqQnpAofAzD_EjFoGxDyFfEoH|EmK|EcNrCgK~Kij@pFiTlIkWzSwi@rCyJ`C}LdAcIx@}J\eJDoI_CgfB?gIT{E~@qIrBcJtAyDzGmOnBwG`ByJj@yJEuLqAqWw@yZc@wp@T}f@jCurB\kLv@oKbBeMn\qcB~BsNlP_hBb@yGFuF_@yKeAkIab@oxBmA{H_A{Iy@wP@uRr@{NdFsk@VkKQeKiA}MgBuJ}ByH{M_^eCyHuC_MeBoLu@_Ik@sL_Bsv@JuQ\iG~@}IbA_G`C{JvBgGx_@e|@jEkMhCwJpDgRnSywA~W{|AxHeZnc@uqAxFcVbEgXzAkP~@eQVkKDaRQiMkDeaAm@}W{AgtBZiNz@oMlAyJ|BaMtBcIdCwHtHoPnI{NdJqNrRsWtOiQjPaP`MiK`[eU~HuG`FoFjVi[`HaHtHoFrFsCfDqAdGeB|ZcHjm@kSdF_C|C{B~DiEfDoFpEsJfDyFdEqF~EmE~FqDvwAus@hHgFnEgE`GiHpDwFjHuO|J{Yp[ajApBcLl@wK?wFSwF{@_IeDqPuAgJ{@sMG}JNuGp@iJ|Hyn@xB{MnFmVtDiMzD_LtGuOnOsZpJgVfIwXrCwNvAaKdBuSl@eViB{zBcAqZiIqqA]mJCgPbAoa@KuMkAmOeAcH_BgHqC}IgDuH}DuGwEyFgE{D{CwBwTqKgH{EwHuHmGaJmzAs`Dij@siAoMmUkVw_@cJoPaFsKoH{R{Mkc@eGcUiEmRkCyNoAsM]mKAmHVqKtA{SdA_IvEeWhBoM~NeuArBeOzEuV|}@ycEjCsPxA_QZoMGaJcRk|HE_NPwQz@uThA_OlDiZ~{AgoL|g@s{C|BwJfE}M`E}JtRyb@lDeKlBsH|A_IlAiJ|Nu{AjA{JdCsO`DsOtDuNlWw}@zGaR|C{GlQq\lh@_`A|^ss@tFyOhQwr@nDgJbE}HpGyIlc@{c@zKuJj_@oZvMmM|HuJ~x@{jAvEwF|EmErGgEjFeChFeBlFgAvHu@xEGjGRlK~A`IhCdo@r]nGzCxDrAxGfB~JvAdK`@dHKdK_Adu@_JjQsAzZyAlK_BrIsCrK}FdIgH~GcJnCwEhDkH`]i|@nEcObDkQtHys@tCkRbf@iyBvGoW~J_ZdgAmqCdUue@hE_HjN{RpNqWpZ_l@~Ne]tFqKjG{JzOuTzp@yeA|JeTvNib@dJcTxZck@|LwRnMwQ\a@jDeGnCcG~JgXdIkO`F}GfEkEzEwDtEkCtEsBxGmBfF}@bG_@bFAxHf@~n@pI`FX|ECnI_ArGkBjG_DhHyFzfCu}CbKuN`]om@|HuPbm@m_BxQ}g@dEyGdEeEnFgD`F_BfFq@jEErQ`AdHv@|GjBfNxGlFpBvFtA|Fz@tk@xDpiAzJrWv@p_@LlNv@rNlBf`@~H`PpCvLzA`Jr@pGNfGOfGg@xIaBhWyG~KeExJeF`NwIpF_ChTsFlFs@dH[fGDtGf@bGbAjSfFzHrAbIx@xNr@xHbAtJ|C~RtLlCpAxE~A^RxE|A~AdAlIfLbCtBfDbAnEMjCm@fCmAhGcFxH}JrC_FhCwF^{@~E_Pzk@{qCpRyu@rOww@x_@g`BtAsHrAsKfDkc@bAwHdBmJbDaMpMq`@fEsNlF{SnEkTrEqXpCmS|C{XxAgQrA_^RsTAmV?Yu@_f@_FgmAg@sXIoUPa[b@kPrAkQjCqRnEiSvHwUpIwSdJgPdImKnIwIjGeFtUaPtIsHpF_HjDcHhC_JzAcLpBsr@jAuPbB{K`BcHhBaGpCgHnGiLrHaKfGmGj^s[tEiFhDkFfCsFfCsI|Jqh@~BgJjBwEhBgDvF}GbCiBdDgB|GoBbGe@z^cA|Jo@zEq@rHcB|KgElR{KdI}FhJ}H~F{FnGkHxI{LrFcJfHwMnIsQpHcRzG}RrIc[x\avApDuLjC}G|EmIbHwJj`@q`@zDsErCwEbDsIvAgGl@iEd@_GLiGS}JuCyg@IeGHmFn@sI~AgKrB{IbCsHrDiIdDwFvEkGtEkExEcDtFqChf@wP|NaHlGeE~GiGrCiD~CuFfBiElBcH`AaGh@cGN_O{Akc@M_MRwFf@iFdCkLzAcElBwDnEaG|CoCbTcPdF}EpCsDbGqKzUkg@fGkLxHeMpTaZtDeHzCuItBwJ|@mHjDy`@x@wFlAoFjPcf@zLyj@zAoFxXwu@jGuOfHkMpJyLtZsXjJyHxEaChFqA|e@iDnC_@tDaAvGmDfE}DlDeFnDmIdBiHlJkg@`B_N|@uPzAubAl@_K|@wIrAoIzJce@nByKjRorAx@{H\gH@aNsBsiCd@kTvFe|@TcK?oJ]qLiTi~DiAcRyDye@g@iMCqNrCyaBj@gJ`BsKdBuG`BqEzQi^pBkFlB_HrBoMlQo`BxAkHfBiGlB_FzBqEjCgE~D{EhUwSzFaHtDuGzOo^rGsMnKgQjMaQlPiQbO{LlI{Fla@{UnFqDpDoDlQcTvUgSxFeHzD{HnCaIdDaNbEeUtCuUnB_TbB_XbAk[VweAr@qPxAiNpBqLzC{L`Qyf@zAoHrFu^hBeIpSci@|BkHdByIpAsNHqKa@qKqO_wAq@wI]yLc@ku@i@iNy@wIgFea@m@{IGyLn@wLdBiLvB_I~CuHxPi[fDwHl_@{nAdEsJxFeJz]ug@ra@qa@ngAktAvJmNlP_YzGaJrEwE|CeCte@{\xE_EbHwInQiZ|DsFpGuGhRyO~EqFtFyIjGeMrCcI`CsKfA}IdAmNzF}x@X_HCwMkBif@P{Nd@cH~JucAnFkeA|AgKtCeKtCwGvNgW~BmG~AcHhAwJVwImAyl@HuGn@kJpA{I`BeHrSot@fA_G~@cJdBgn@e@{e@DyHhGknAXaLIqK_Cgl@A}OfEctAr@aMzBoOrDmNpCeHvQk`@`JmUhFcOvCkMpAwJxMsuApMmz@|AmMr@yMdDyvAMuLo@eLkBuNcCwKwByGiCkGyf@mbAyCkHuBgHeO}k@wCkPaAiL]qLXqg@kCimAm@ktAs@qNuB{P}AoHqBeH_CuGsCeGmDgGgh@yw@sHyOgDiKkCcLkEcYyAkOm@aOEaPjCg|@^_GnAsLtBuLpXocAvDyR`B_QlCuf@h@eOFeL[uRob@uqIuDg{@@q@RqEZ}@t@m@~@Ax@n@Z~@A|AmA|BwIxIo@dA_@lDp@`KE`B}AfF{D~JKKwLyM_O}QiAkBo@jCYtDl@dTd@hGwC\aFf@uC^,9.67,,16:02:19,
13,"Guadalajara, Jalisco, Mexico","Tepic, Nayarit, Mexico",North America,ybe}Bx_xuRhArjABfEbAbrAFxdAWvKE@g@ZQr@Jp@j@^@TRxCGhgAMjCmA|JAX_I`o@aD~T}ArNsAxHaI~n@{BrO{Jty@i@rCiAzCmDbFex@lgAy@nAoElEsZrVkF|EcEnDwY|UQL_CzAcL|Jqb@l]_D`E{GhPgBrHiI`f@_Jhe@kAlI}ChOoHjb@mDdQkIre@}AzG}FnL}AdEaAvHkHt_AyFzw@IzDb@zEdQbmAHxCQvDoDtS}@jJRtFzBtMv@~HLlFMjCoGle@cClNkD~PwDjLeDrI}AtBkA|@iIlCkCtA{A`BkApCW`@gDxGcDtCm@`@og@b]sFdEeFzFaFhJch@lcB{EvNqy@rqBqD`NkZ`qAgId\yKr[u[b{@gWfs@aEvMuh@jpCuFt[qd@fwCiAxOGrGT|xACjV]|J_AhKgS|nAkBpJiDzLew@jpBmKpVcIhK}nBh`C}C~DgExHiEfMgYx~@wLp]gSzg@yAhFeA`IaCrk@g@rGyAnK{Nr^yQva@{DpKyFbWgUvhAiCvGeKxOeD~D{Y|a@}D|GsAxC{Pnc@_CjHeV|bAyD`KmB~D__@zn@cKhVaJhVoJhYwc@tvAsGpQsHnMoi@tt@uBnDeAxCe@jCQ|DHzCz@fHzY~cBTrFMbDo@nCkAxCiDtDwt@tf@eQ`NyGjGuoAhqAaGpHeC`E{DxIoBbGqMpe@oHxYob@l`CgH~^eExKeD~GsRf]q{@zaBuAfDsAdFoCdQuA|DuAzBoBfBqBjA{DrA{YhHmHnCmHhEcD`C_XrX{J|GqGpDoGnF_ZbZ}BzAqUtLaE|CkB~BsB~Em@xB{Jtf@wBlGiIdOiQvQcBdC}AzDaAnFm@fLOzHk@fH_@xJc@dDwAhFkO|YyH~VmBtEyE`HmP`OiFhG_D|FcHdRu@`FP|FdAtDfEdKn@xCHbB]fNFnB`Dvc@AnE{CbOkDrN}H|MiBbESpCBxFMrB]pAaBlBcGrBqA|@cF`GiArCAzBzBvJLlIV`Cz@nBn@v@|HnFj@t@n@fCQ|Ci@~@eEnDeArAi@nBw@`J}@pBiAx@{AZwHc@gCZqAx@}@rA[nAAxAVfAl@fAbBtAlBb@|Iz@lAd@tArAvCzEhBbAbBNbIMtRrCfCEdH{@hCLpBh@hChBzE|ElHxHfC`DbCjEdAfCh@xDBtCyAfDiDlDeCfDaBhAwAj@eHx@mBp@cAbAcC~EwB|AaBRaBU_B}@yDyD}Aq@qC?_CfA{@vAaCpGu@nAcBpAkJbDcClD[|@SnBKtLaAjCeAt@}G|AqAp@y@nAuB`FiBzAu@R_B?{HqAiBPuAx@yIfN_AfCCrBhB`J@rAi@pBsB~A_SzEiBzAe@~AcAbJx@tJW`JRv@v@nAjC~ArBfBj@`B?xB_AbCgAv@uL~BkB|@wBbBsAnCgAjI_CpZ[dBmEjOuKhZ_CjMa@`IyHlvC_ApWqB`VgPpcBkSzcBkCfYmEnl@y@rMQ~GQj`AkCzwAPvFb@xDbChInMjWjJpSzBbGfD|MpCbONpCIbFcCxJ}O|UcHbJeBpEqHdVyD|IiElFad@fb@yExGuCxGoLz]aDdFmDtCiEhB{oAvWmFrB_FdDwCfDqeAfxA{~@x}AqFzGoCzBmFdDqrA~m@aP~E_rArYcFpByDrBsDnCmF|Fmt@zhA{G|Fe{@vi@eFxD}BhC}@nAqChGky@xaC}JtW{o@vzAoArDmArE_A`HgAfc@uAzIaFfMqUld@mJ~JoEjDaHpHs]js@cl@p_Agi@jkAeC`E{FtGaFxDca@hSqGtDs]|XmMfLoIxGuHpEoBt@{_@pJcKzBuv@tNoJvBsIpCug@nRyJdEuR|Mi}@tq@wCdBcH~Bwi@pJcHtBoJ~G_c@de@qC`EqUpj@mBlC_CjB_DzAmDp@sQQiK_@yEVkDn@{FdC}VpRwBbA}FzBo^jJwBhAgC`BeC|BwV|VmCtBoHhEac@~S_NxHapAn|@idAtt@iEbDiJhJm{@h`AcJtLguApfCwOtTa~AhsBiSfYmcCvgE{HhK}kCvmC_JhJ}J~Les@hmAcEpI_BhEaFnQsf@vqB_@vA_ClJCJeEvNiD~N[nAwIj]?X?\qVtcAGPV`\UtBoArB_Bt@kt@jNyObDyAj@oQbP}t@pr@kB~BeGnQM\sCnI}GuBuF}AG^G`@,22.25,22.25,16:02:21,
15,"Mumbai, Maharashtra, India","Pune, Maharashtra, India",India,s{wrBc{m{LPDH@PDB]b@mH~Hcd@@IxG}VXFfBV^FNBLC~F^lMZhEd@rFIxB]AOMa@JeAxCqEVyASmBuCuCm@yEDuJfEkYEAwM_CeEaDkQcFyM{BkP_@sK@sMvAgJzAqF\cGWkGmAkfB_p@yIuDaIkCgLgCmDWmSPgAKsCoAkAmAeBmCeXot@KoBp@gLe@aDkAuCmCcDwBoAsCy@eIgA}Cs@oEcBgEyBu[}QuI{KaEwIyVsp@cIwLcAaC}Oam@MqEx@gM]mDyB_HwFeNwBoEkBuCs@{@kBkAs@UiDEgK`AEFeLKwOmA{AMKAA?CFk@R_@QIq@^a@HQv@}BTcWjAaM|CeOhDkSVsCQoAGUcCoDmWs[kBmE}{@ciD_Iah@_U{}AcFsNy@{AKQmWqXwAiEMaBj@{RjAeS~A{d@tBeu@`D}{@?OZsF\o@z@[rFLrC~AzGj@^?tN?rh@q@~C[`DyAxJ{Itj@ee@tC{A|AYjq@aF~Di@bLq@zBc@hAaAd@gAFu@w@yGBgAZsAvXu[@MD[nIaLfA_DlG{q@C}C]sC}@aDuFsMwwAy`Co@wBUeD`@gD|@mCfX_c@lGkMpkA_lBHOtJkP~ImX~M{XxMqWxA_CtDkEj}@a~@nDcCvJkDfCcBtK_MbRsUzF_Gn}AwtAni@od@xC}AxEkAbFMjCTtB\riAb[|Ej@lEFlHs@|qAiV`KiCbHuClJcGnQ{PbJuG|EaE|TiW~UqVxNeP`DmEfPiVvEgIdw@kfB~CwFrDoDnBiA~D{A|R{ExH{CxqGw{C~GmEjCmCnDaF`^}h@vKuMpo@s`AbC}FjQyi@v@wBxBcElCeD|CgClTuMjCgBzDoDzHkMvNwWhHoLhD{EbFuEddBg_AdE_DfDyDhC{E|@mCra@qcBfDyHpEaGvD_DjDqBfTuJxBwAnCqCdAaBfHyNhEiH`BeBjAs@jNgGbC_CdBqCz@mDLiGqCmOE{EVkBhM_l@tB_FpH}Hd@qAE}@Wo@uMmNe@kBR{BdAgBbAk@pS{DvDgApH{CpGcDb@g@Ls@Mm@eCwDaByDqE{AkAq@e@s@Cw@Vk@|BsAp@iAD{Ao@uA{JmJgHmF_@i@iAqD}@mAeOkHq@oA@sAx@mA|@W|@B`SfJdCpBlB~BxFvKrE|GhA~@zAf@lAKx@e@b@sAKaB}@yA_KsCsAkAw@}AkAmHe@iAyBwCOu@LgAMs@_BqBkCaCwBo@_H}CwCcDw@kBK{@OwEV{Et@yAxAoAtQ_HxGeDfHsCrIeCfLcCdKkAhA[h@w@H{@Ig@}AeDC{Db@aCbDkIJs@]}AiKeLwA{BsAqJuDkMiA_CiAmA_GuCsE}D_J_E{CeB}B_Cw@oAkAkDyBwO{Ae]l@iVCgMtD_TnFqNpMmXzDwKjDiLnEqL~CyNvD{\h@aBr@aAhBgAdBY`U?hCMtCo@`TwGhEi@nFRxx@tJxEMzDgAbBeA~BgCz@gB|@yDJeB[k[PiCd@{CxF_VfAgI?kH_@uDyi@w|BgD}O_h@{bFa@kDiSgiAi@wEWqDBoIVgF~@eGlA_FrBoFfEkHjCcDrE_EnEoC|IqDfJeBp\wAbHy@rHoCvDoC`FqFtJeNzLuNrKkNxOs]vCkFpgAa~AlCyFzAkF~@_Fb\mlCbAiLCmJmAcJkSodAmEg^oAuHeJoZgDgOuUabBO}GD}Bh@kFr@uCjLc^ly@ubC~@gFR}Ey@_TFoD^cEbAmEdAcDbBcDzBqCdDyCjCyAhVeJbZiM`LqFfCcBjEiEdb@qi@vHuIzgBg|AbCcCvCeFl@gBfA{FTmDJyt@v@kXDoAf@iQ^iB`@c@~@WtIo@JCrcBug@juBcm@pz@kWbrC{u@?YyAaT`@gJ\i@?GIc@BiHr@mE`D}G`EwKLe[lDsMXaFPOb@u@x@oFEoSz@}NfEo[JUdBoLpEsJj@m@j@mAbEcIlEiGhb@ee@zNiOvHqGzPoKlDeBp@wAx@iHl@aAv@[tFQjCi@FAj[{JrDeBjHwFpgB_kA`[sf@zRgX`Tu^jBgI`Gc_@l@}C`@aCDQHE~CaQJe@hC_RAELKFLDDj@l@hChG^WjPaJLITMmEoG{CaGuFcGeD}GCGbBsBxJcUCEoAkCqK_\oAaCDiC~@gDEgBaBzAENCP@d@MPE`A,,310,16:02:25,
18,"Coleshill, Birmingham, UK","Stafford, UK",UK,okl_InblImFjEeBz@uDz@uCjAgItBeEs@oAXoA|By@rEy@bCoCpFEt@FAZX@j@Mh@e@@IN{BfAiGvGsLpIuNjI}LjFeElDuDhDcF`JoBzBkDjCm@hAeCfI_AdAwPvAwDj@iBF_BQmAm@yIiJyIyHo@Qq@HELa@\i@EQXkAf@qCPcHMaFJ{E~@_PzGo@p@[rAD`@AdBa@nCeA|BQj@e@jAWhBBxFHJ@t@QXWEOk@e@[aBu@mDo@gFS_@Qm@?yNTeEn@sCv@_ElBsDjCuCtCwCzDkG|LqV~q@uFxMoFhKeSd\aJbRaErKgDlKqOho@{FxNwChFcCdDsGvGqG~DuOvFeFbCmF|DcEvEsD`GgDfIyJp]yCjIaFbJyFxGwL~IiNvHgM~EsNrD{LfBmPbAgNKoWoBgGC{Gd@aHlAqDfAaTbJgF~AkGjA_\~DqT~DsU~FeWzIyHlEcHtFiHtHyIjMgEfI_KxVgHvSyIlZ{GtXePhw@aSzw@kDhSgCnUmAfSe@pQCdRb@~Sx@|OnB~ShBvMlGx]~AvMn@jKRbJOjRu@xKoAfLmC|McB`GcCpG_L~TsEnK_KfY{DzNqDvPkDjSqCbTeBhS{@vNe@jOC`M^vLt@dKfFl`@j@rGf@vN?`IYvLq@nJ{A|KeCnM{AhKwBtYOfUxAzh@NfMCbPw@hWaA~MmChVkEhY}Mfw@{ChN_L~]wEbQ_CtMiB`S_@bNHfOp@rMjBzSdB~Zh@zS\j^z@~PzArLrBzJ|BtHtJtWxFzTrBdMlAtOH|Ss@fKkA|I{@hEsBjH{BtFwE`JQ\uGbMmr@v}AeTfd@kItNcDtEcGfHgGdGyEzDgFpDiIhE_MdEuE`A}CZcHLkHm@yFmAeo@qTgFkAaDa@aGSeEHmh@lFgFPmGKqE]}GeAwm@_OqFeAeJaAcLWuMd@yuB~R_IjBeGhCiF`DcGhF_@n@eIpNWxA?TA~@]`Ae@Xg@?i@a@wAyBQiBK]_@{@cDoByB]mBBiCb@iPnFmA`AAFSTWCWAk@A_DnAgI~EgEpBw@t@mAbC{@r@yE`C_FnA}@v@}CtEwAbAwARgMCeOv@cB^yLbKeFrIcExI_Ah@kKsDyDk@mEmBqLmDuGUoI_ImJyFiGkFgA_@{@`@MLaAj@QPmBxAs@bDxBxOjA~Ki@XwDvIu@V@FGRIUSWiB{Dk@_@k@f@mDnFYNu@MC@[SHk@@YFiAgA{CzAsBxFiEf@aAHaACQAeD_@_FTKTM?CHK?R,6.37,,16:02:28,
19,"69125 Colombier-Saugnieu, France","66480 Maureillas-las-Illas, France",France,{o`vG}|_^uJRoTlAsA`@_FVKpA[vCr@N@L|Ap@Ft@?J]`E[HaBc@AN}Fdh@YDQp@GlANbAOjCQB?h@ZDNQ`@CtWkBr@JCZF`Cz@jDhAfB~A`AzALdR_AnFCDLT\l@?l@_Ab@KjlAwHtEUxL]`CHvHnA~FxBxAx@`I~FvKnM`DtFbMhXvG`JTZvWbZ`EbDlGfDnE|AjF|@|DXtPTdD\tFrA^LhHvEzCvAdAvAnCjORtCEbB}BvJ_@jAs_@|nAoLxc@wDzP{ExV_RlkA{DrT_CxKuG|VsEzN{JfWiFnL_]hr@uLjXCDePd_@oP~d@s@l@s@Cq@u@MmAX{Av@a@`BBrEv@`CHtE]pBi@|Aw@xDsDTQlGkGxByA~Am@pB_@tBG|BNnBh@vBdAdDlCzChD`NzQxB|BjDjCjDfB|E~A`D`@pNh@pCd@`FdBtD|BxBhBzNxPtBrCzAtCjA`DhAvEh^nhC~B`KbDvIpDhGbFbGtEnD`EpBzGlBdlAxWjDxA~BvAtEbE`D~DfEpH|ClI|@lD~ArJ|Jrx@lClLdBzEjCrFdCxDjD|DxEvDtE|BdEnAzFv@~FJll@}D|EOlHRdDb@jIxBtH|DzIvHdGnIdGvMhB|FdBlHfAxG|NfnA~BdMtBlHxBzFbDpGjHzJtCrC~EnD`PzIzCzBtFlFdSlVbHtKrFfLpEfMbDhMfCdNzArM`Fz{@pBpQlEn\fAxPNxMWdLyC`_@YtHErHV`P?Xm@pFeDjJWtDTfDn@xBpAhBtAt@~APtAQr@[lAeAtDcF`CyBpMwFhAy@b@O|LkFnW_MlEcDzB}B~EoHlB{D`FaNnCaG|EiI~EgGzFkFpEwCdPeHjHeE|KcIzMoKnQyOlQkQjImJpKoNbJwNjGoM~FmO~D}NpByKZgE@yFi@ePRqGd@sD~@oD~CkGhAmAdCeBv^kMjEyBrDcCnKsIxDyBnEaB`Eu@pHO`Hr@bDz@rTlIzEp@|HTpBVxD`AdCpAzEtEbCbEbBrEdJv[vClHhE`G`OpNdC`DfBlDnErLnDvFvDvCnBx@zBb@nFJnTq@|CRrCt@`CrA~AxAlNdSrEdFxDfCdDdA`EV~Di@xQwIfCm@vBMjE^xS|FfSlBfn@cBzNFrMl@tNvAtK`B|{Czo@dEr@`Gb@dE@bFUpEm@|EkAbI}CrUiKbEmAfHcAvCMxDDvEZjF`AjEtAtIxEdFhEjhB|bBrDjCnGnDzF~BnIfC~HpArH\jQk@vHHpGh@hYvDfFPjEo@lEmBvB}ArFyFzDkCnEwAjF[dEb@v_@~HrIpA|YbDhJ^bFGpIq@xFaAnnB{]r[wDnUqA`Rc@pWPve@tApGKtFi@`H_BbG}BvG}DlEiDvH{IdUs\vDsD~GeEzB{@xEgAjCY`FGzHx@fZxHlEn@tGJhDQ~Dm@fG{BpEuChj@cf@j[mWvHqErIaD|FuAlEq@`Mi@fHNzj@|EpFV`KQjJiBpIwDrF{D~ByBfD}DbCqDvL}TfGaHbCiBbDgBr_@aPlJoF~FaF|S}V~LqKpFoD~HeEfMwEzX_IdEsB`EyCrFiGzEyIdDuJxEgSjBaF~BwEfD{EpCyCzBkBdFyC`HqB`Ee@rDIvDRxEn@~LvDpFx@xBHtDIfEg@fDu@`FwBhD{BbPcOjHqFrHsCfMsBpFeB~FmDvL}JrFsDpLyFbKoCpLmAzIKhqBnErJQtHeAtF}AzFaClRgK`L{D~cAsUrG}@pGUhJ`@rHrAtG|B`HrDbE~CvErExQfUzHhItu@ll@bHfE|HjCtFx@jCJxECnDUhRyDdHe@~GP`Hj@rJtBjDjAjFdChDrBxFnEdHtHnL`PdDlDxC`CjC|A|EnBlHnA~DJrESjFcAdDgAjIiFpHgHhGcFnGiEzEkCvFeCtIoCvGyAxFu@faA{FbJa@~EAtM^tGp@rGfAjYtGrItAfMtAdOr@rNNlIInr@qDrFKzw@lAnOe@|Hy@nHsAnG{A`IgCxI_EhS_LxF_CdD_AtJwAhYg@jLmApGsAfW{JvAw@~FaBxEk@|GB~G~@~VbFxERzDQ|EeAhKeFxFwBzCw@tSqEr]wD|EwAlGgDtCiAjDq@lEOzCRfQbDnZ|ApCd@hDbAlDbB`EpCdD`DrIdKvd@r^|I|FbDzA|FhBdHpA|Id@`KQ|T{@jJ@vFTvMpAv`@tF`QrCvFjAfQzEhxAxg@lLpDzHdBxGbA|Ip@dEP|K?pPgA|^kFlPuAlPW|Od@hU`CxfAzNrwBj\fKvBvJjCh\fKlSbI~MhHzIvFdLpItbAnx@fJzHvHhI~GtJ~E|ItExKhD`K|BzIpBxJvJhn@`BjIpDrNlF|OhFdLhIjNtItK`I`ItNtKfSbLttAbn@vLtEbGhBlJdBxEb@tH^~GBvGO`]mBbFEtITjHn@dHjAlc@`MjEz@rFp@l]hCbPz@zRP`Qe@xNmAbUaDrc@yHpO_EvMyE`K_Fjb@cXzIcEnHcCfGqAvKmAhHUz\bA`r@lCf[vBfLpA|PxCtj@|LrR`C`Lp@bKNhIGnx@_Dr\k@t]Kv[FxW]nQgAvWyCtPgD|LaDlIoCzl@iX~SmIjpAgc@lViGzJiBrNmB`LmAfO_A~L]zKCtJ^tHr@|NlC`W|GhVpHxZjKjRhHzLpFzLvG|I`GfKbIxMdMfLrMdFxGrMfS|b@|x@~ExHvIrLhH`IvJrIfJpGfHzDzIzDtLrD`JjB|JnAvNp@taA~@hc@r@bQz@zKpAjEx@xIbClP~Gdd@fWpIfEfUjJbHfCbS|Ffr@`OhMnEzG~CfLzGpKtIfHhHf^fa@pJ`JlM~J~ObKlInEvFdCnP~FzOfEvH|ArLbBbJdAhKt@fJ`@zKLtT_@nsCgUjOaBrFs@rIcBnm@iMbPaCbSkB|Ns@jOWft@CjY]ze@wBpl@_ErJ}@hNeCrLmDnJ}Dr^_RzEuB|GqB~Eu@bIa@hGBnb@~@rMh@xH`AxHrB~GvCzErC|JnIvp@~q@zHpH`O`M|p@ld@d{BhyAtEfClDtA~HpBtJrAd`@rDpGJ`DI|Fm@pE}@fNgFnTuJfHuDpJmGlHqG~IuJhPwRfIoIzI{G`G{CjIkChIkAnHS|OJbIe@`IiBnIcEdF_ExEkFbJgOpEoK~Pwc@nHmOhHgMjJcN`I{JvFiGpK}JpOgLjjC{dBjI_EjfAca@dGmCb_@qTpE{CnF_FvJ_Mv@m@jGcItJ_LxDqCvDaBzEqA`JiAzIU~J^hCVjEn@tEfAlStG`IdAfH@xE_@~ZcHpGu@dGUzIHrT|AlOtBhKhCtEdBzGhDvE`D`G`F|JvKj]ld@pI~IdJxHvJpGxM|Gzm@~VbHbCbIpAfELnEObHiArO}FzGqB`Go@pGHdFp@dD~@hSrJfDfAtEt@hEPlDGpRuBfES`GFtEj@`GzAhFzBrErCzFdF~GtIjCtExBbFdDnJdK`_@`FbPxGxQzHnQdH`NnHhMxU`\zD|GxAfDnBzFxAdG|D|XrBfK~BvHjFvLbMnTfIlLxTxVdHpIbFhHbJ`P|V~l@`FvJbE~Gb\be@pNrV`HdNnKzVdK`[~H~WxHfTrT|e@hQld@lInQtFpJpYnb@jGlKn[tl@zH`M|H~KhRxTbMfL~HhF|NzHnFfDpExDhGvH~c@`y@hTxd@bBvChJrMdWnY|FrIv|@d_BhFnI`]|f@|ElIvIpQvHrRrG~SpEhSbD|SdBhQvA|R`LlqB~BrVhDzSpA|FjD~LnGzOlFnJpWda@jJhQzG|N~KbZ|InZ~DxP`FrWfC|P|B~RdB~UrAvh@f@nLpAzNrAbJ~AjIlDbNt\ffAtHlTtHbP|JvOjKzLnNtMvy@~t@p`@b]fHdFxd@bUvF|DtDbDpE|EfIpLxEpJrBjFjRlj@nMl]je@bgA~N|^rMx_@bMbc@vIh^xJrf@vOp`A`FtXxRbz@bE~RxE~ZtHfr@lCtMlExLrEdI`GfHr_@lZx^h_@fGhHfCrDhMtTvHbLbJzJ~X~VlI|JlEzGfF|JxFzNlLj`@rD|HzFrIlCtCpErD`PdJzGtE|l@nh@pDzDpErGtCxFhCzGpClK`BhK`AlMPjJ[fOyK`|A_Chc@@xPr@dRpAjN~C`RnEnPxDnKpCjGlHlMfHhJfLtKrJjG|I|DjWbIhFpCjDdC|GzGrEpG~FfMxBpGjC~KtDnTfCrSxAlPx@rLjAf^Z`n@`@rPhBrUvA|JbCfMbElOnJ`UxgAluBfJ|NdVb]`ItM|EpKrEdNdBdHhBxJtBzRv@lQr@vg@b@~JzAbP|EvXnNdq@pGl\~B`QrHhs@xCzRhF|UbGrRhDfJfVbl@hGfRjI|]jJhd@vKrk@fFvRfF`O|KxU|EfInEnGdJvK~j@~l@dEbFxHzKrEbI~MfXlH|K~BhEnQd_@rHtNxFdJnG~H`KhJxJhGbJvD~RxFdFjBrHxDrHjFzIjIpLvM|m@b_A~IzK|G`GxHzE~FjCrT`IxGjDzDjCrGxFvEfFbFfHpEfIrBnE`DfJ`Kh_@vn@jnB|\~`AbWdm@vz@blBfFxNxDfQvAvKj@lHf@rPQ`VF~Nh@`PhAbN`OngAtEfWjHxYvH|Q`Tl^fIfJhKvJvGhIxEjIhEfKvDrN~@hFnAvKn@vLt@`^fAtLx@xFdBbIfEbMvGnM~Rb\pXpb@jFtGfX|XpDxEtF|IlV~d@vMpXdOz]dVjn@~CxGrDtGjKxMfZfYlJhLtJ~Ox[pp@pIfPdEbHrGrJdIfKtJ~K|T`VlDjElI~M|G`PlDjLxCnNjB~MrGpo@rBzOvCbPtMlo@pClQ|@rJr@`P|A`fA^zK|@jLzAtLpBlKdCvJfJhWrTnh@zLtVf[dm@jHtPlCzI|CfNxJzp@`In[zBnHbCnGtRj_@hCvGhCdIlEtRhBlMvAdShCdg@`BfQjDbRhDhKtDbIjHvK`F~Ffe@zf@|OzNd\pS~DdDbDfD`FxGdD~F~DdJ`H~QxCvKlB`L|JhdAvLnu@nC~L|D|Mb`@bhAdGnTtClM|ElWnBvMlBzOtFhk@lBxNjDtQpG`UfDxIvGhNhr@tqAjKrP|Zra@v^ng@zDvGtErJ`HbSzCfMhCtOtAxMv@dMXnLF~Ou@tz@?`Pj@hSxB|WbAzHjBhK|ElRdF`Ot`@tbArEdM|GzU`FdW|CpWt@pKl@|N\`T`@vcA`@hP~AxTnBdMxAbHxBfIhC|HdD~HbFrJ~EfH`DxDhVzVxJnLjIhNpDlIbCbHjDpM|CvPtb@`yC|BxLjCxKzC~JbEvKjFzKpGfLfkBhvC~NfVvMlWpFnMhEtLtFbRjDvNzDlS~BhP|Cv[pGlcAxBbTbCxQtBxKrFdUjHfU|HlRfIdPbGzJ~NvR`OdO~J`IzKhHrH~D`s@zZpStKtHzExItGzNxMbLvMjGlIhc@xq@`LxOzIrKzfAzkAtKxMfKzObE~H~DbJnF`OtEdP`FpVbDxW|AxTtEvz@pB~SfBtKhBpI~A~FjEzLlF|KbFfIjJ~KlHjGrFrDvH|DjGfCzU`IfIlDdJrFxHnG~UhW~b@d`@nL~LrK`N`GpIxIrNfHxMtIhRpGlPxDfL`GzSzJ`b@`F`R`HtThNb_@lIzXbK`d@dh@rjCbL|h@~BjHzHlP|CjFtG~IvIrJ~FhF`KpH~LvHxS~J~k@xTjH`EhFnD`M|KbHfIvk@tz@lEvF~HlIpElDtFrClGnBtPxDtDrAjG|CzJfH~XdUjIxF|\vSvF|EdS~RlJrG|MpGdOvEjMlBhRtAjHx@xJxB~VnI`GbA~GV~Jm@b\uGtEo@`G[`D@hEXlNbC|Gt@rFJhH]zo@aKtN_DtG}BpHsDzGqEjGmFxGqHhRkXlC}CtCgCrCqBlE}BjDmAtEcAvI{@bN?~t@nBpg@z@hMc@jEe@dJqBnIwDjDyBtF}E`FuFx\ug@jFeGpH}F|EmCxCmAr`@{LbJeDrNqGpVeM`DqAdFwAfH}@nFEhG`@|E~@fDfApEvB~TvNvJ|E`JdCrI~@`GHhI[~w@oIfNu@dMQjKB`MZfnAtGfDBbGUnHqAjGcCfF{C|DeDnEgFfDoFnNiXzI}NdHcKtIwKtKmLjHoGzJwG`KaF~HmCbHcBpIqAzJo@vHIbHRvZ~CdJd@pHQbU_DlE]rHBbHr@fO`DfPdFhQnHtPbJpMxIpIlHtDpEnF|J|C|H~Kt_@`FjNzMx\`EhNrArH~@pJXrHPtUp@pJv@jGzCbNpLt^tAdGxGh`@zBhKpE~LvBhEhRj[rCbGtA~DhAhEhAxGlCd[`AxHbBjH~BxGxDnH~CdE`EvDdH`EvFfBnDp@vKx@tNEtVeAjIVjm@lJ~TvE|QtFhHpCvJrEncA|k@rLbEzI`B|Lv@nH?`Uq@|IBnMj@~OpAjjAjNdRzAjN`@dO?vOg@~]iBjLWlIRzLdBnIhClIbEfs@lf@lQhLzNxI`r@v_@pLbFn[vJfJlDzIhEzOhJpPxIbL|EtL`E`MdDhH|AvKdB`RfBlSr@~OGps@iBj[BxQb@|\jBtUt@~kAJhrA~AvR|@nUrC|RfEhLfDlf@fQrO|DxGrA~HnA|PbBzPp@f_@`@zPlAxPvBpSpEzbAjZbN|CzVhDhQhA~PPvP_@|He@rNqBdM}CtG}B|YuMxFmBzD}@|Fs@xHYrGV~G`AzD~@dEzAjDbBzFvDpIhI|GlJvEvIfHvPjG|QvLx`@xCxI|EpLbBhDdGjJbIbJFJ?fBXl@nK|H`FvGjBfBhC|@`ELhH~@p@V@H`@b@f@KPs@Io@BYhCgQAqCq@iDFGJm@FKnA}Af@kB@sK|@iFjA{BpH{J~@{BPc@r@uAxAc@b@_@v@wBhAJRJlIrDALPb@\Gf@NtJnDfBjAhJnIlEvH|CzAlBfDdA~@fD|@pADzA_@hDuBfD\bEnCp@t@rCrGdAzAAVVdKj@tIHz@j@pAjDhCdM~MjFlCpFnH|IpDxIfA,46.3,46.3,16:02:32,
20,"66480 Maureillas-las-Illas, France","37100 Tours, France",France,qbjbGqzcPyIgA}IqDqFoHkFmCeM_NkDiCk@qAW_Dq@uOJaA@ETa@oBaC_CiFaAiAkDaCwBg@gACiDtB{B`@mE_AqAeAmBgD}C{AmEwHiJoIiA{@sLiF@K]_@YZiAe@iF{BaFqCKMwAeAW}APwAf@k@n@b@NnAGz@oDvRiIbLkAzB}@hFSzKm@fBi@j@c@DCEq@K_@h@@|@b@`@HH|@xBHrCm@fF_BzIW^K@_@^UFiABeN_CiAo@]y@O}AHaM[mBg@w@o@U}DKkF{@qGaBeC_B[]kFmHmHuNiHyRoMmb@{EmNaGyNiGqLyD}F_DwD_JeIsJoFgDoAqFsAoEo@{H_@uHVsIjAkK~C_XjL}HrCoKpCwIrAsI|@}Ol@aJHaOY{Ig@cKcA{U}DoNoDs|@{WySwEgHiAyKiAgLu@}^UyLc@wMcA}QkCyMsCiI}Bee@wPqLiDqSmEqRaCaJo@mK[ebAsAeu@Q}ZDaMQeM_@gc@cCqTc@iY@kp@fByPDuRq@cU{BwToEoI_CsL_EaQyHw\kRaJmEoK}DyWcIcNuFqa@}To`@kU}dA_s@wIkEwHeCcMiB}KYiw@`DmNHmLYoT{Aio@uHwMmA}WkDkS}@{QGsVd@gFKgFa@oMeCkKyD}GmDkr@ia@cIiEyQyHgKiDsJmCqQkDik@uIqEQwE@}YtA}ICcK_AoIuBaHiDiFuEsFuH{CmGmBeG{AyHw@uG_CgZs@uE{AoG}BuGkBwDuU{`@qEwLgByHyIqg@wBcI}JcZkCsLcA{Hg@}HWuVYgHo@gH{AiJiAyEcCsHiQgd@kOag@kCeHiDwG_EiFeEkEqLaJmOiJkQqIgNgF}SwF_LkB{EU}EHaE\aTvCwITqKo@}TmCkF[qMAsOlAcHnAmMtD{MnG{JxG}I~HyInJaNlQuGxJgFvIcPvZcHjJcFnE{GvDqFjB}GjAkENwECwhAiGeK]_SKuQb@sO|@ir@pHgHVsGKiEa@{Ey@yIuCqGgDgU}NcGmCeCu@kFaA}G]eGNsFt@aEhA{D~A{d@`U{LnEkZ~IwDtA{G`DcJ~GkDpD_Ztc@cJnLeI`HyD~B_FzBqF~AaF|@cHj@{ENyW_@qlAyCoILaLnAwCt@qFtBgItFaGjG}NfTaIrJ_ErDaPlKkH|CwJfCot@jL{Fn@cK?g\oE}FI{ETgDd@wVjFaIpAyGXcEGcIkAkFyAqPcGwHiBgH}@}X{BiJcB}JaDmKsEsJ_GsDyCsSkSeEgD{JwGqRiLmKkH}VwSwHoFgE}BkFsBsXeHkEkBgEoCaCqBiJaKan@q}@mEcGyJcKuJqH_LkGql@uTgQuIcJsFiJwGiJyHsJkKkHmKoHkMgB}D_CoGkBoHul@eyCeK_g@kEoQqJ{ZeTkm@sF{RqKcd@wIoZsI{UmJ_TqFuKiImNoKsOoEyFsV}Wsb@w_@kTeUeJaHmIqEmLyEyWiJuK}FsHuFcG_G}FqHcFgIqFqLsDiK_D}LqBcLyAgM_AsLsEk{@kAkPcC_TmD}RiFySaHaSuJuSiKkPmLsNofAmkAwKmMuMcRqW_b@yMwRyGkI_JqJcPiNyFaEyJaGqQ_Jum@_XaMuGgJaGmMiKqMwMwL{OiHoLcLkU}HkSmH}VyEqTmCwPqBiPiBiU{E}v@{Dm`@iC{P_D{O{FcUcFwOwJaV{K{TgFaJ{jBmvC[{@kNiVs@sDUuJ_@qDuF_OqDmNcAiBmBeBmBo@cBGoBZsAr@wAzA{CzGy@nBcHhO{Kr[gJ~UwFzLoChEmCfDeG|FsGpEuE|BsFjBaDr@uI~@oDHuEK{Hu@uJgCyK_GiH{FiGoHyHmNsu@cjB{Rie@cK}TwF_L_Sa^aUa^gJ}OgN{Y}KwYwbA}qC}DeMsCaMiC_R{@wKqBi`@eBmOiBeKkCuKkEqMuCsGgGyKcIoKgJ{IaLiH{F{CoEyAi|Aua@qD}AkEsCgEkE}B{C_EoHyDiLoGa\u@qGOyG`@sKbE_Xb@aERcFEmJ]gGi@}EeBqIyBuGiByDoCcEsD_EaKkHw\iQgHyByIgAk[EaLq@kFaAoF{Aui@kRkOuEuHgAyS@{HgA_FoB{EaDi]g]gEgDyEaCaC{@gHmA_FOiFZi_AbOwEd@mI\{dDuAuLm@mEk@wIcBeM_EyJ_FyIaGeIaHeJgKsJcOeEmIeFuLoIwTkCkFoByCcFqFiGcEyGcCsG{@uEGcGb@sFpAyLlEgFtAmDd@aEJqDGqC[mMsCgJ{AaMy@_P@iUhBgELeWw@uJN{JdAeJbCsGlCaQxJ_GxBaE|@aGh@sEBuSwAiGS_JR}JbAuGrAcF~AoGlC_JdFeJpHkO`PcJrI{JdHyGpDwKdEwHrBwM~Bi]dF{CVmD?kCSqDu@eDmA_CuAeLkIeEyAsCa@cCG_BDwDl@__@bKiD~AuE|DeSrU_FvG}JxSu^~n@{FtGyXfWyEdHcEpJmC~KsAvKgUxvCG~Ed@hQ?rYK|Gg@vHqBrLaSlw@mDpSg@vEWpGCnIV~PQrEa@bDs@pCqA|C}IhLgVnc@oA`EiDfQ}A~DyChDwIjFyBbC}AnCuAfDuAnF_CtTmAlFiBxEuAfCsBfCcBxAaDrBuw@|_@sG~BoBVaEHsy@a@cHoAeLyGqGqBuDa@mDIoKt@sBC}Cm@eHkCcLiAeEgB}IyGoBs@oBWaM[{KJgG{@aDGaCXq[zGqEp@kOQcTq@sBe@wBaA_JgIiJkGaAcA}FuIiCuBqEcB{BU}BBmKlAwD~AgBzA{PxQiEdCcDn@}II}D\}Bx@gGbDuJtC_HzEyCxAaDx@qKbBqXhCqD]{EuAiBS}A@aCd@uOzEqBDeFa@cHp@wCFaCYgCaAgGgF_A[_AAu@PgEvDeAf@eANcCa@_EiD_Ac@iAIiANaAf@y@~@y@~BU~Ch@~KOtCeArEiAjBaA|@eC|@qEi@wAPmA|@kC|DcAh@k@D{AWeD{AyAQ}AFeGrAcBI_Ai@gE_FoAeAoBu@gAGcAPaAj@_AxAk@pBeAlGcA|B_Ax@uAp@iRvGqDlBaFpDgElFaEzKgCfFiBrCiCdCaDnAeBGcBu@{CkDyEmC{CqF_DwBkDcEwBoAoBYeBD}@TsIlDgF~@eBz@{A~BaG~SiAdC}A`BeAl@yCr@mCR}DWmGuByCyAsRaMmD{AoCw@iFy@eEU_]i@eFYwHyAkR_GgGeAkFa@wEEcFN}D`@gK~BmIxDwCxBaEnEuEdIkCrHyA|Gs@vFc@hIUvMoAlJkCxHaIjMoBzEeBrH}C|TiBtGiBhEoCnEsBzB_ClBmEfCaBr@}\vJwJbF{IjHsGzHiDrFkD`H_FdN}BtJwBzMsF`f@oBzHoB~EqFxIyFjFkFpCgIfCqEfBaG|D{E|EeDlFwC`H_HxXiBlFwBvEeE~GoEzEkFpE}aDvmC}PrNqGrE}FzCmC~@iH|AqCZyGZaSQgFZwEt@mEnAsErBmFbDyCjCoDfEkDtFoC|FyBjGsCtMeEb[yBxKqBbHkB`FyFpLsHdKcnAjoAcGvHcEzGwD`I_G|PqBtI{Ed[aC`MaC~IqE`MsC`GiEhHax@ngAeJzMaG|JgIhQsf@hpAaFxNuFfTgE`VcCpTuAxU[pMCdRf@`UfBrWnExa@b@xGVjMKvI_A|MoAtIcD~MiFfMeExGyF|G{\b^kKdJof@r^qNdLwKzKaIdKkGnJyCpFiFvKuChHqHzUaJz_@cA`DwBrFeCbF_GrI}CbDaFbEwDnBkEbBeD~@iFbAqc@rGkc@bFu`@xCce@~BeWt@gLJkEMiFw@mEqAmDcBcDuByCgCaN{OiGoFgHgEaFsBiEkAcHgAwJY{ZfB}EJeFIcK}@}YcGqFUoELcCZeGdBwE~BeE~CcNnPiBrCyDzHuHrKgArAsJnI}G`EgJnD_IfBaKx@qF@eJm@uGoAyHeCeFeCoFkDsdAcy@cGaEiEkBkFqAiD[qMe@{HoAmEwAgD}AuIcG{D}DeCcD{CiFmC_GeDeK{XycA_DwIuBmEwFyIcd@si@}DcEaEkDcLiH{JsDwJiBiIi@wTa@uJ{AgHaCma@kRuF{AiHg@wEHgD^aHnBs[pMyBnAcCrB}FbHuBlBcKzFkCpB{A~AuI|LeErDqKzHuQpIyJxIuBpAuFhBuDZ{EOgDo@c\mIkNgFsOkIeDyBeD}C_EcF_EkHcEyLqB{JaIwf@qByI}BoHkDmIeR_a@sG}J{H}HoE_DcFcCwZmKoOgDic@}GkImBuHcCaJwDcmAul@eEqAiIeAwHP}H|AsGzCcE|CsEnFaEfHwFhMuCpE_EnEeEbDmh@x]aNdHyo@dVcJ`CcHd@gGU}FiAwFaCsGyEsC_D{BaD{DaIoCoJyAmIy@mKMaILkUSeGuA_KiCeIcD_G_EeEgFuCcNyFoEoDoEaHuHuS}AcDwCgE{CqCqCaBmC_A}Ci@uEGyFp@it@vNiDZ_EBuHw@ug@yKaIuCgG{Dud@c]mEaEaDgEsCmFeCoGoA}EyAyIsEuo@mDep@e@yD}AwF_HuN{AgHc@yIq@}k@w@}I{A}FcFgLkCmLy@_CwAaCiF}EmDcHgA{AmCaBkG}@aC{@}A}AiDqFwCwBoBi@yHy@cBq@gAw@gBeCeHoPgAgBwPgOkBs@mBK{ANyHlBqBBg@KkAa@aBoAaEsG}AwAsAm@}F}@sAi@iAcAmAkBmFoNkCoE_DcD{MgK}DiCeFoBkEq@iHE{EdAuJlEqHnBkB@sBSsJkCeEBoKxC_KbAgCj@}BfA{JvGsBl@cCLyOiB{WwA}HyAcQmHa]sQaFiBaFmAoI_A{UCgRcAaDk@sC{@aFqC}DgDiBsB}DqGuDaKyAqHcAgKQ}HNiHrAqS@{Em@}IyBcJ}AgDoBuC}MaLaDmDeFsHcDyG}DmLy@kDsK{o@mBaHkByDmEwFoDwCkCuAaPeGuD{@yCUgFFwD`@eCh@sK|EeDn@cHnC_Dp@{u@~AuBEmDk@uCeAcBeA{DuD}CsFkFuNcCcFkCeEqEkFqD{CwEkCwO_FuCyAoC}BsHmKgEgEuDsBgFeAgDIkDLodAdHyLvAebA~PgHpCwLjIoExBgEjAoDj@sGNcES_t@oHaJoBeRuFkLgCsMqB{PkB{SuDoKmCiW}IyGgByH_A}FEgDN_Eh@{F|AsWzIyCpAkDtBiD|CcEnF}MhVeEvGyGnHcFrDqa@|SyChAoDv@gE`@uD?eE[wn@gLaI_DoBsAoEiEoz@i}@kKmIoGmDmD}A{HyB}FcAs_@oCuEM_HH}RfB{ENkDKiEg@wCo@sIuD{DuCeDgD}E_HaCyEqEmMkSqp@oCgGsBeD{EmF}EgDq\gNsDoAqBWcC@oCd@yB`AkBxAiJfJ_PrJgOrLkArAi@TqIxGaFnCeGvBcHzAkHl@wHCaD_@cDgAcDwBwBgC_CcEaEiMkEaJcSsWqYqh@uCuCyAy@{Bs@sBOiCHwLpD_C\gm@vF}CAwCUm^oF_DGuCTwD|@cC~@eaAh`@uE|@eFD_H_AoYaGsJsCoG{Ce]{SmO}HkTiOcG}BqGw@uDBmDb@cPjFsE~@oDX{FGuy@uGaFJqDj@qDfAwBfAeD`CuD~DwDtGsA`D}Qrf@eTlt@yGlOcCbEoE`GqUxYuCtCwDpCk\zQiFnCeC~@gI|AkCHgNKwHx@kHpBcVdIaGzA{LnAeDLmCOwFsAkJ}EoDoAwDe@gDAaEb@yA`@gVnJi^pHeD`AuF|CiNhPwChCqC|A}NtFiC~A_EjDaUrTgCtDoHpNuCzDgLnJoGhEwu@~\qNxFkDv@cD\uYl@kEl@iF|Awh@fX{EtC_DxCeEvGaBbEoJt[kC~EmChDg^d\ex@~h@_EvBoEzAyFlAw^pC_Fv@uDbAcd@nOqTxFyDdBkJlFeFrBaIxAkb@|EwEv@}GdCkm@bZoHzBmGn@inA`EcHdAoC|@sCvAsCpBwDzDoC~DqBzD_DnIac@btAgClGqFvI_DdDaCjB_[jP{UlQ}GtHcMxSyB`C}BdByF|BkC`@_Hd@kEbA{DpB{IrHuCdBcEpAaPdCwD`BkElDsEdGwBdFyAbGiR~zAyAdHyCdHoDrEiEtC}b@bPgDbByDdDkLxOuCrCeDpBaFlAoBRyp@hB_HWuHeBuaByg@kFuAkDOkDX_KlDsDv@qC@iDq@qBcA_CuBuNoUqFsGi^kZqKyNeCuAqA[{AG}BXmGlCcDp@}CGwCcAgCsB_q@cw@{CgCiCgAgCa@wC?__@rGiCP}MLwCVeE~AsJ`HsCbBcCp@cEN{Cc@gEuBke@ig@cBkA}CkAyC]}BDwCj@mQxEmBV_DEa`A{RiFiBoEiCyEcEiH}Jcr@elAgG}I}OuR}C}EqVch@gB_DyCmDgDeCuHuDcDuBiDcDcIiKeFyDeCeAsCq@aPeA_Em@oFgBsFiDiCcCaDcEs]cj@sCgD_CkB{VoMgRuKsGqCoD}@_Fi@gO?wCQmDq@qDoAkB_AwDqCcI{H_GwEkEkC}GkCgFmAuFk@qEDwJ`ByCRmDGeN}AiHJkDb@wEtA_DvAyKrGyDxAiCd@kCNgEGgNwB_NoAqM^oOvB}r@|MyDpAcKtE}Cp@mBTyBGaEmAqBwA{BeC{KmOeBuD}AgHmGib@cB}FyAqC{CcD_R_KkCqB{B_CgHkKmd@qt@{JmMcQ_RsD{EmG}KiJwRqFsIyBuCiJaJmf@{b@wVgPkfCq~AkG}FcLqP}DuEiEsDwGgDeFoAgGu@wxAkL}HeAcEsAoDgBwh@y]qHgEeEaBsGeB_Eg@uHYkEH}Eb@uHfBgFlBgFlCmExCgm@vc@yNjJeKhF{IhDoI`CmGfAgIn@_K?}Ig@kd@}EiL_A{Hc@oKSuJH}Qz@wR|AuT~BwQhAwNd@__@h@}VbAoQjBwJbByJ~BkLjDwMdFwLtFmI~E}OxKoHbGkPrOaQdRg_@dc@kFjFcGvEsJrFmJjDuIhBaHt@_NTqRs@}\}C}LeCyDuAuGoD_HcGaP_RsL}LyKkNiNcOsBgA_Bi@{b@gIyHw@wD@qOfCwC~@{K`FqFjDqC~C{GzKkCbCaBx@qBh@uDLuDq@gJuE}Du@aEJ}IzBsDh@gCAuBWeDkA{M_HsGeFcFaHiHsNkCiEkB_CsCgC{CsBuDgBaK_EsIsCuH}@kFDk_A`J_Dt@qBhAuBtByAdCmAhDw@nESdDAdO_@bFcBtGeGbKiA|Cs@rEs@hL_@nBw@xBsBfCaCdAqCHqJ_AwCEwANuBr@yC`C_BfCoArDiEnYiA~EoE~JcCnCsC|@oDImO}BwCy@uBgAqBcB{BaDeAoCgBmI}@iCsAoBiBoAiBe@oEa@uDq@yBKmCj@uB`BuAdCw@tC_ChTeGtNeDhOkCzReB~Yi@jDuE`LcBtLeB~ImBdFwCjFuC|CqD`CyFzBqAR_B?sOoCeCaAqB}BmEwKaAiAyA{@yB_@qBLaBj@uA`AyAfBgBlDyB`Jk@rIZfUWzDw@dEoChG{NvUgFtMmDjGoDxDaQnLa^rZsFdDoEzAqDn@wOz@eEd@uF~AqDnBiClBuCvCuBtCcKxPmCrDmDjDkF`DmQjHcFxCeEdEiDpEyEbJy~AluDaH~KqC`DcDvC_FjDaGhCcEjAaEn@sEZcHDqk@EaFGgDYkEiAwFsCcDwC}BqC}FuIcDmDgGwDeEmA_E[aEHyCT_ANQBgAR}A\wCj@sB\qAN}ANmEFwBOoC[uD_AePsGqHgBo@IaAMs@Io@EmAEcBEgACeB?kGGSAoAAaBAoEGWAmACuCI}J{@gBYeBWeASo@MeF}@iAg@eBg@KEsDgAmKeDaEoAkCy@GAKCiA_@kBe@cAU{ImAkE]W?OAcBEsD?}Ih@cHbAyD`AwKdEsLlGuFpDsCnCmFnIoFzHuAxA}ErDgC`AyF|@oPIyG|@yE~AkLfFgXnKeQdFgRdEaJpAsJp@mI@aFO}I{@i`@wG_]gC_RkDoRyFi^gN_IgCcL_Cq\mE{NoDuKcEoY{MsMoFaNoEaOmDsUyD_}@}LyYkDc\mCiGmAcKcDqAS{ALyGrAcLlAyh@|A{PlAaQ`B{hCtZkTxBqLt@gSz@_UFoXk@cm@mC}HHyGZsNjBqGzAaI~BkK`EkLzFqIfFoNlKmHtGoJbKqHfJoLtQsVnb@aI~KqKzLmFzEiJ`HsHnEsUrLaIxE{HzFmGnGmFhIkF`M}Jp`@{DfLgFhJeH|HcHhFmH~DmGlCeIlCiJvBaIjAqIp@mGNkMQyGc@aGu@eKqB_HoCoGaBePmIa_@mXwDwBiFkByF_AuG]kGP{X~A}PG}MgAyO_DoMmEoMqGmGcEyVwQsFiDiJ{DwEiAaFo@}DSwE?eETsFv@sJdCgj@xPwNrDyTbEqWpCyG^uPb@wZ_@uLm@wKcAoMaBaJaB{OaEkG{BsHkD{TyLyHwCgImA{Qa@cG_@qFcAoFuBwFwDeDoD}Ui_@oK}M}J{J{GmFiOeJkViKcI}CaSuGeJeCeDg@mGQ_Ip@aEhA_DtAkGjEkE~EeDlFaR|a@wEtImExGkGxHqP|QwNbOoIrHgRnM{HhEiDxAiJ`DoGdBkHrA{I`A_Kb@_E?uGKwHe@yNwBmG_BmLyDiHiD{FeD_FgDaHyFsJ_K}Za_@eIoH_JkGkL}FaC}@kFqAoDc@qDIuBBoEd@uDz@oJpEmIfGcGzFiJ|KcHlJ{\ni@_HvIiJlJyGrFiGhEkZjPcI`F_SnOeTdRwHbFuG`DkH`CoJhBcJn@iI?oDQyIeAe^{GyR{CiOu@eNHoET_MzAeOrDsGzBaGnCaPjJyTzP}NzMqQ|QaRtTeOjSeL|PwI|NcTf`@}GtKiMfQaMxNeUvU{PtO}NvLey@bo@cKxIwFxFsFrG_JfMsE`IuFfLaD`IiTfn@eIrSa^`v@uK|VkE`MiCbJgNfj@oFlPoEzKmH`O{LbRyKbMoYfXyDrEkGjJmGlMoE`M{EfRcBhKkA`JiArNg@nRHzTx@tUrB|ZtE|b@vG~`@vJtd@xBrOv@jKXfM@rHe@~M}AvO{AtIuBnIoFxNiMvW}CpJcBdH{AlKq@xHe@~L_@pSa@vHyAfLmCrL_BzE{C`Hua@zp@sIrPgIbRkI`UiHbV{FxWoBnNgB|Rw@~ROpL@zp@k@d]qCzp@uBh\{Cd_@eHfo@mH`g@yJbh@wCjVeBdY[zSd@nZdApP`LvpA\nMQbPmAjOmCbOgFfQqIdUqI|RoFnKcHxKkEbFgEdEqFnEw}@bs@qG|FuI`KqGlJeFdJmE~J_LfZiFpKaIhK{GhFsGzCwDfAs`@~EsH`BqKhD}LvF}`@rU_Q~IaTrJoUxIqK|CuR~DeNfBiPnAgOfBsKfCqJpDoJ`FwGtEsU|QoLfHkpAjh@a]hPae@`Wke@pYky@vj@ed@`XkHzFkIxIyIbM_G|K{DjJwLd]sDjIkCxEeFpH{DrEmF`FyMhK_EjEkA|AeDlGoDbKgBzHsArKYdFEbOj@xKxDfe@v@lORnSo@vUeA|MoAxJaNjs@sHln@uElXcC|JuFtPeE`KsFrKaHtKcWf]{]ll@mE|FiFxFmJ`I_EnCiG`DouClpAwO~HmLjH}MzJ_OvMqm@ho@{JxJkMzJuTzNoHtFgJnIuXtXiMtKmMpIqItEoGxC_KtDkR|EsNxBmi@jFsItAeJvBgsAx`@iNlFiJ`FoIzFiJ`I_~@paAwOzNgHpFsIrF{g@nYiLvHqHvFcPnNyz@tv@iHlFkG`DqKlDyHlAoJ`@iIUaH}@uEaAoG{BeSwIuFiBuFkAmFm@cKQuMv@i}@vIgIlBcJ~DeEpCwEzDgEzEyGfK{EvKkCjIoBhIoBfMqHbl@gCxLgBzF{DzIgEvGgD|D}GtFeCtAyFvBsIjBqz@rMmKbDsIlEmJ`HiIbJsIbNyK~TkDjGeGtIuG`HiF`E}HnEi`@lNkKtCcIhAwI\{KW_H{@{Dy@aEsAuGkC}^iQaKcEmGoB_J}BgJ_B{G{@sPkAqJKgHLun@fEiOd@aPJwy@oBiKFyc@rAeLAkJ[kLy@iPyB{LgCwNoEuD_BwJaGwK{JuUqYyEaFuEwDeG}DgIsD_JcCmG{@{G[uIHoRnAwQdC{NrC}TpGck@jSsNpEkUjFca@vF_ZxC}WbBuOl@qLBeFWqHaAkIqByOsGmu@u^kH_DuEwA{FoAgJ{@sFG}FR{Gz@mJbCsF`CyFdDmZ~UmMhH{IfDqJbCsG`AwLt@wH?qLw@eJyAiI}BsIiDyEcCiZiSaDgBqJ{DkHiByF{@qGa@qFGkEJ_Hl@qIbB{E|A{LvFgHfFcHxGsGdI}LnQmGhIoD|DwH~G_H`FgJ~EiHtCiUnHeItDyIzFeJrIkJhMsHnNyCrHcMh_@yChHeH`M_FrGyD`EuFvEyE|CgItDuFbByRjDiKzBgOdF}LhGaL|HcJbIiEvE}CdE{FrJkDrHsDfKoDnN{C`Pk_@laCmD~RaDlO}DxOeE|NsE|MmKvWcd@naA{Rjd@qs@vkB}Qpb@{LpUmPrXig@zu@oQtYoSr`@{MhZyJ~VyFnPqOhh@cNfi@o_@z}AqDpMsEnNkJ~UkG|MsIxOoI`N_RpU{NbOsHhGqJbHgJxFyNhHmM~EgOjEaOpCicAzK{zBrUwBFeCj@{OxBeKpBcS|FqKjEsMzGuHtEyHpF}KfJyGrG}LfNuGnImNrT_MfVsL`ZwHdVoJ|^wj@l`C{EhOaFjLmE~HmErGmHjImFrEeKrG_YrMwR~J_J~FoKhIaIpHuIjJwGpIkHlKyFnJmGxL}LfZsI|Wg]dkAmTjr@EPaXlz@oGlOwEdJmJ`OoJbLwKzJeMlIqKdFeLnDuGtAaGx@iLv@{LAykAeEUGmF{@aCkAsDiCaDmA{CDuA^uDpCeBfD_AbE}@`PEfAq@lU?hJXjLzBta@PlLErLy@nRkCt\c@jLGrJb@fUpBv\x@hUxAjsBAzZo@dXuA~V}QjkBsBhXs@xPgH|nEwAx_De@fQ{@tOeB`R}BpPuCtOaD|MeHdUyZvv@uEbN_F`RwDjR_D|T}v@dyGeBpQkCl^cB`b@yAnj@}@bOsE~h@oAlVYhNItQnA~cBAdJaA~[kAnN}AzLcCvN}B|JwExO_EdKqEpJuFzJcX`c@mHbNaJvS{G~QcB|FcGtV{EpYwArK{AzNoAtPcAtUQlMXzSxBv]xBlSrG`f@lCjYtAzVp@xZDbUQ|M}Jz|EC~NXdRhAnT~BhUfCfP`If`@bDbUzB~Yr@zWAjQm@fTsMp|BaAlWKjQFnLf@zPpA|TlDzZjTtmAjE`Zp`@paDzDtb@pJv~AfCp\zD~^dIlm@lCbV|B|W`Erk@pD`^dDfUvDxSv\p_BnDpUxAbM~BfXbAtTn@j[hDvpCvAf\zB|[pBnSnCpThDpTdJdg@nBfNdCpUfG`u@rBxN~E|WzM~j@vCpOxC|RtBzQzBvYn@pO`@jTDzZg@rXiBtm@u@fQiGn_AyEhpB{@dSaC~VyDhVmDtOaKv]oDjN_CjLeAdH}AtPi@xKSpK@hOX|JrAdT`DlT`B|HfChJjT|q@bFzQbEhUbC`V|@rXExSaH~gCIbV\pSfGpnBC`iBZnUlAjUxCnXpb@zeCdCzQjBjS|@bQ^|Q?`Qo@tXcB~VuBrQiLfu@_BhRg@hQHdQh@dMjK|xAz@xOt@tSX`R@pSYnUs@dTaAjQ}^~fF{i@l_FaChWsBnZsBhf@q@xd@u@vhAu@f_@_C~j@wFfp@wAbZOjUDrp@cAvuBe@`Y}@fY_B`[uCl_@qObyA}Dvc@wCte@aCpe@yEtp@oFr|@{Aba@UhQFhZhA|`@lEft@dAjWvGpw@pDxYvE`YvY`pArCdP@TjC~WT|E]xCsD`JuArCoA`B}MzEE?kWjIwIhByL`AuKKsFg@yGkAik@cN{d@sNwDqAoRgGmPkGqHgDsOmIodAmm@kv@wa@gO}FqNqDsIo@qJ?{H`@uIxAmJ`DyHdDuiAlj@KBsE`AqCByEs@_EqBo@Bs@l@GJ]b@Kl@|@lCdAxABL^~AkAp@sD~@sADu@O?CMe@a@ESZ?l@ARw@lKExKGLEXOCi]sN_@OqHkC_ScBeEk@}EAiLx@e@DyALk@pLE@Gd@XHLn@Rn@^|@?v@WdSdA\nErA?F@DBBCRqEzaA,42.8,42.8,16:02:36,
24,Vila Velha de Ródão Portugal,"6250 Belmonte, Portugal",Portugal,aj_qFlvym@mCw@kDcCWaAw@aMk@g@eBQ_Ai@wMuYo@aDBqKF?Z]Gm@_@MYLK@gBTgRs@sDF{Cr@qJlEePrIeClB__@lc@oC`BuAPiBOcJsEcB_@wGN{@T_Ap@}@bAe@rASvDB`IcE~P[jDLdBf@~A|D`E|@tBNxEq@pCoAxAqGvC{@v@sFlKwBjCiBfAgK~CuEfCc@DwN~NiA~AaCnFkH|M_FzLYLgAvBe@XICQ?I@ID[?gA{@}@sEg@eAa@]wAWqHDqFgBKEgE}@aDUgUl@oFGaIo@eEy@uEuAaFuBoReLaIyDcHaCaRqEgGuBeImEuGiFgd@id@aEwEcC_EuA_DeBeGu@oEoJirA}@cJmA_IwCqLqk@epB_DkIuEuH}p@yu@{CiEeC{EeCiH{AeHw@wGsByZqAuIaCiKqBkGuDyIiUkg@kF}JuHgKqOsNmEaF{DyFiJsPwEsGkEkEoCqBcKaGkEyCkEgEeC{CiG}KkX_o@}FkLkJgOcEoFwHmI{KuJ}KsHgN}GgXqKmPkIer@wc@oLyImGyFkJgKy|A}mBcNiMgHgFwVaPuEsD{DyDcIwKaDgGuCmH_EwNmHk^qDgKgDcGcD_EcGaFeG{CwyAsi@eb@gPo_@qPsHqCqMsC}n@yHez@gO}J_CiJcEge@g[gDkBeEaBcDu@gEg@sGIg]NcHa@oEcAiEsBoDqCiDeEyL}QiDqDmCuBsD{Bal@}YodAco@iFkBkGiAqj@yCsLLwLvAyFtAmT|GoGjAaqB~EwRnBka@xHeOpBcy@hEwF|@gD|@c^lNeI~AoERwCGsc@{DsCG_FJqEr@qZ~GeIrA}lA|LkFpA{F|Bo]nTmFjCuFpBiDx@gHdAyo@xF_KxA_J|CkYvNsEfAwBHiCSmC{@mBeAcX{WkCyDgA{BqH}X}AiEyCyE}CyBkAc@_Dk@aD@oDt@_CrAsBlByBbDcG~LqCfEgEjD}Bn@aCR{CQyC}@mCiB{FiHcD_DuCwAgIqCkGoAaQaBmGgAqBOgC@aEd@gA`@iZxL}`@fQ{@jAiBf@mKzG_FrBqDf@iP`@eEd@w\fKaEx@eE\iHEsMu@uEq@kY{F{CGgDXoWnHsNtEsI~De\|Q{DzA}F~@{H@on@_B{L{@kFgAgIoCaR}HkQsG_EaAuEq@sCQoE?uF^iF~@uFjBgH~DiFpE_FpF_EzFqIpNwBlCsBhBcCxAeFfBsGn@gCGcEk@gGgC}LcHcFsAaF]wETuCl@cCz@{EvCeGzFgEbDiEhBoEz@_GLcMmA{H[gZz@{G[_Fq@eJeCgEiBeEcC_FwDoQwPoIuFoIwDyPkFoG}CyFqEmG}HcFoKwAqEsAmG}@sGwEig@iA{HkD{PcDaMgCaIgJsTiI{NkHaKox@w}@uEcG}EuHoF{K}D_Lm]apAiDkKcEkJoGmK{FcHabAaaA{CeD_EoF}DeHcEcK{Sou@iD{HaEmGuG_HuGoEkIeDeJ{AaGOkGVa^tEaG`@iFCiDUkEu@wDeAgF{BoEuCgE{DoDmEcDoFyC_HkBiGcBwH@KAmBRw@d@_@|@Ad@^Tn@DfAERwArAqFCEGo@Uc@j@oBXeRt@WNkP|BiEfBcBfA{@v@wDlFe@Rq@MmCgE{QoScCyB_RqGgBiAkAeBsEuCqCAq@QsIgFgM_EcMgGyFaBmA_Fy@{Fw@_DeC}AsDgFcDmMqAqCwBgCkAcF?I?oB@u@AsA[w@{CkBKWE?iAUmFaCw@s@`@gAqAcCGOCU?SC_ANO~@o@??,5.6,,16:02:38,
26," 7350-466 Elvas, Portugal","7050-324 Montemor-o-Novo, Portugal",Portugal,abilFbu}j@rAqDRI_@`GmB~[YrIeBnKFfC|@GnC_@hEsC~FyArAs@jFiAvBuEvEuFhEm@nBBxEeDxAi@jAGlDZrBw@ZBd@f@f@~D|@jDpO`e@n@tEfCx\?n@GjBg@dBiApAsAj@g@L[JcO~Eqt@`[wCvAcEzAcDr@oCCwBi@sBqAmAyAmAmCe@oBGgCd@u@n@Qd@Hh@h@l@lCHr@vK``AbAtKv@hNzAhf@`BpWdApKjEl]`FrXlBlJxFrTpg@fbBxv@dpCxHv[|F|[fClQfBnPrDje@xBzRlCfPpNbv@|BlPdAjKbB|[nF|tB`CpZlDvVva@lmB|h@pxBzIbZf~@|lCbElO|BjK|BbNtArKjBdTjMnvBdDbb@jFra@vOt~@xCpVbBlSrBbe@jIh|BRtKCdSa@fQsBfZ_DhVoBtKmDnOkFfQwIfTig@hbAcE`LyCjLoAjGiAnIeAtMg@zRZzOxBnc@tBzYjEx]nE`V`HdXtIfW~CbIzF`MjOhX`GtLpHlRbG|RrErSfDdThCzWhCj`@rDbYbFdVxRjt@jKx\~K`Xdc@rx@tLxQbL|MhMrL|IxG`e@v[hHbG|HrH|I~JfgAxtA`HzJvE|HbIvOjGfOhE|LrKf_@|FdQnHfRbMvXtD|JnCtJpAjGnBvMbDdXzBvMdDhM~D|KvEnJlGzJdh@rr@lHtLvWjf@pKhP|FlHbz@n_AlNfSnMfUpGdKbJxL~GrHvJbJlHvFzLxHjMvG|JfGfKpHlLfKd{Az|AtP`TzXr`@bPhRhJrIrG`FxNhJ`RtK~MhKtHfHdGzGnF|GlHtK~FbK|ClGhIfS`CjH`Vdz@xEzNzg@xrAvHrXbFfYzBhSjA|Pl@|SFlNKnL{HtnDQ``@\`X|Dt~Al@zLfBtSlEhYhGhX`DpKlDzJbGpNvFtKrJlO`t@b`ArJtNdGzKfH|OvFxOrEhPlEvSnDlWjBxUz@bYDvNQ~LuDfdAkBtUkCzSmErUoEnQoIlWoL|XoFvNaGfRgYxaAgEzLa[fx@qCxHyDxMqDbPgBzJuGhi@sBhM}C|NiDlMqFhPaHnP_FrJmJxOeI~PkHrRkEbOiCvKkCnNqB`NuCdXsCfQuFtV{GhTqFzMqItPcNxS{IlKaKzJ}LpJqe@`Yw@XyBtAsBp@{AF}A_@_BuAs@gBWwBL_DF]fIiZhA{BJIf@g@f@Ol@Fv@h@|Sz[bc@`}@hQ~c@|AdFzArIdE~b@~@zF`Nxi@?F\`ADNPzAAxD_PzcAgAYuBq@uEaCaAw@_OiVy@_As@EiEl@aBAu@KcGoCuMqAwAcAyH{IgAe@aM[wGsDeWbCgFP}DOmpCy\ypA\_|Dzk@_CXiEJiBu@cTwQkGwH{BmFcCkCoDsCmGyHkAg@qLkBaHgCkEhA{AjAiEtEgBPiDeBgK}KyBqDJ}CGiAaB}BkBQgNBaIyDsBGoC`@}DzCuHtD_BpA{FpGq[rq@_AvAaLlJsF`TkA`KuAvDsSl\gRpOcBnBgBdEiE`TmCjEo@`@q@?sIe@_C?mGjG}KnAkYdAgGyAwCIAUCiAAy@AKGA{IM,9.05,9.05,16:02:42,
